id,short_name,title,paper_url,version,origin,priority,bibliography_status,reading_status,code_url,code_status,execution_status,discussion_status,publication_notes,prior_initial_review,verified_at
pap-0001,STOP,Self-Taught Optimizer (STOP): Recursively Self-Improving Code Generation,https://arxiv.org/abs/2310.02304,v3,seed,P0,verified,partial,https://github.com/microsoft/stop,partial-inspection,not-run,pending,COLM 2024; v3 PDF verified; scoped review prepared; guided discussion pending,yes,2026-10-01
pap-0002,AFlow,AFlow: Automating Agentic Workflow Generation,https://arxiv.org/abs/2410.10762,v4,seed,P1,verified,initial-review,,not-inspected,not-run,pending,pending venue verification,yes,2026-09-29
pap-0003,DGM,Darwin Godel Machine: Open-Ended Evolution of Self-Improving Agents,https://arxiv.org/abs/2505.22954,v3,seed,P1,verified,initial-review,,not-inspected,not-run,pending,pending venue verification,yes,2026-09-29
pap-0004,Godel Agent,Godel Agent: A Self-Referential Agent Framework for Recursive Self-Improvement,https://arxiv.org/abs/2410.04444,,seed,P2,verified,not-started,,not-inspected,not-run,pending,pending venue verification,no,2026-09-29
pap-0005,SICA,A Self-Improving Coding Agent,https://arxiv.org/abs/2504.15228,v2,seed,P2,verified,not-started,,not-inspected,not-run,pending,workshop/preprint records to reconcile,no,2026-09-29
pap-0006,ADAS,Automated Design of Agentic Systems,https://arxiv.org/abs/2408.08435,,seed,P2,verified,not-started,,not-inspected,not-run,pending,pending venue verification,no,2026-09-29
pap-0007,GPTSwarm,Language Agents as Optimizable Graphs,https://arxiv.org/abs/2402.16823,,seed,P2,verified,not-started,,not-inspected,not-run,pending,pending venue verification,no,2026-09-29
pap-0008,Godel Machines,Goedel Machines: Self-Referential Universal Problem Solvers Making Provably Optimal Self-Improvements,https://arxiv.org/abs/cs/0309048,,seed,P2,verified,not-started,,not-inspected,not-run,pending,foundational report; publication versions to reconcile,no,2026-09-29
pap-0009,Meta-n,Meta^n: Recursive Self-Improvement through Emergent Depth,https://arxiv.org/abs/2608.24735,,seed,P2,verified,not-started,,not-inspected,not-run,pending,preprint record verified,no,2026-09-29
pap-0010,AIDE2,Recursive self-improvement of AI research agents,https://arxiv.org/abs/2609.26457,,seed,P2,verified,not-started,,not-inspected,not-run,pending,preprint record verified,no,2026-09-29
pap-0011,Self-Harness,Self-Harness: Harnesses That Improve Themselves,https://arxiv.org/abs/2606.09498,v3,expansion,P0,verified,not-started,https://github.com/qzzqzzb/Self-Harness,not-inspected,not-run,pending,preprint record verified,no,2026-09-29
pap-0012,GEPA,GEPA: Reflective Prompt Evolution Can Outperform Reinforcement Learning,https://arxiv.org/abs/2507.19457,v2,expansion,P1,verified,not-started,,not-inspected,not-run,pending,ICLR 2026 Oral reported in arXiv comments; proceedings pending,no,2026-09-29
pap-0013,Agent Lightning,Agent Lightning: Train ANY AI Agents with Reinforcement Learning,https://arxiv.org/abs/2508.03680,,expansion,P1,verified,not-started,https://github.com/microsoft/agent-lightning,not-inspected,not-run,pending,preprint record verified,no,2026-09-29
